"seq.experiment"	"fraction.name"
"cehm26"	"ceh-26"
"cehm27"	"ceh-27"
"cehm36m"	"ceh-36.m"
"cehm36p"	"ceh-36"
"cehm6"	"ceh-6"
"cndm1_12_14"	"cnd-1"
"cndm1m"	"cnd-1.m"
"cndm1p1_4"	"cnd-1"
"cndm1p8_19"	"cnd-1"
"cndm1_singlets"	"all"
"F21D5.9"	"F21D5.9"
"hlhm16"	"hlh-16"
"mirm57"	"mir-57"
"mlsm2"	"mls-2"
"palm1"	"pal-1"
"pham4m"	"pha-4.m"
"pham4p12_9"	"pha-4"
"pham4p9_1"	"pha-4"
"pham4_singlets"	"all"
"ttxm3"	"ttx-3"
"uncm130"	"unc-130"
"ceh26n"	"ceh-26.m"
"ceh27n"	"ceh-27.m"
"ceh6n"	"ceh-6.m"
"ceh6n_hlh_16n"	"ceh6m.hlh16m"
"ceh6n_hlh_16p"	"ceh6m.hlh16p"
"ceh6p_hlh_16n"	"ceh6p.hlh16m"
"ceh6p_hlh_16p"	"ceh6p.hlh16p"
"cnd1n1214"	"cnd-1.m"
"cnd1n819"	"cnd-1.m"
"F21D59n"	"F21D5.9.m"
"mir57n"	"mir-57.m"
"mls2n"	"mls-2.m"
"pal1n"	"pal-1.m"
"pha4n91"	"pha-4.m"
"ttx3n"	"ttx-3.m"
"unc130n"	"unc-130.m"
